{"layer_omega/L27":0.03189745917916298,"train_samples_per_second":4.966,"layer_omega/L17":0.07652858644723892,"layer_omega/L10":0.03294139355421066,"train/layer_weights":[0.03294139355421066,0.03473798558115959,0.034279197454452515,0.03638704493641853,0.03888823837041855,0.06014053523540497,0.0738108828663826,0.07652858644723892,0.08052591979503632,0.0782768726348877,0.07983184605836868,0.07850683480501175,0.07658978551626205,0.06556671112775803,0.04581872746348381,0.038738150149583817,0.036533817648887634,0.03189745917916298],"train/total_loss":2.4673,"train/epoch":3,"layer_omega/L18":0.08052591979503632,"layer_omega/L13":0.03638704493641853,"_wandb":{"runtime":28360},"layer_omega/L19":0.0782768726348877,"layer_omega/L20":0.07983184605836868,"train/lr":1.7452332934153603e-09,"layer_omega/L16":0.0738108828663826,"layer_omega/L14":0.03888823837041855,"layer_omega/L23":0.06556671112775803,"train/grounding_loss":6.855872064828873,"layer_omega/L12":0.034279197454452515,"layer_omega/L25":0.038738150149583817,"layer_omega/L24":0.04581872746348381,"total_flos":2.3213149958193545e+19,"_timestamp":1.778699409213558e+09,"train_runtime":28255.8977,"layer_omega/L21":0.07850683480501175,"train_steps_per_second":0.078,"train/loss":2.4673,"layer_omega/L11":0.03473798558115959,"layer_omega/L15":0.06014053523540497,"layer_omega/L26":0.036533817648887634,"_step":2193,"layer_omega/L22":0.07658978551626205,"train/grad_norm":1.796875,"_runtime":28360.53824948,"train_loss":2.9188556445009133,"train/global_step":2193,"train/learning_rate":1.7452332934153603e-09}