{"layer_omega/L18":0.07531366497278214,"train/layer_weights":[0.033657483756542206,0.03530097380280495,0.03447334095835686,0.0374545119702816,0.03763522207736969,0.05859754607081413,0.06610792130231857,0.06772414594888687,0.07531366497278214,0.07364055514335632,0.07475285977125168,0.07466553896665573,0.07501256465911865,0.07522954791784286,0.06325393170118332,0.04178455099463463,0.0387340672314167,0.03666156902909279],"layer_omega/L22":0.07501256465911865,"layer_omega/L16":0.06610792130231857,"layer_omega/L10":0.033657483756542206,"layer_omega/L21":0.07466553896665573,"train/total_loss":2.5765,"total_flos":2.3213149958193545e+19,"layer_omega/L13":0.0374545119702816,"layer_omega/L17":0.06772414594888687,"train/loss":2.5765,"layer_omega/L24":0.06325393170118332,"train/grounding_loss":7.09362855553627,"_timestamp":1.7787832676811962e+09,"layer_omega/L15":0.05859754607081413,"train_runtime":28237.93,"train/grad_norm":2.109375,"train/epoch":3,"layer_omega/L11":0.03530097380280495,"train_samples_per_second":4.969,"train_loss":3.0380289488277965,"_step":2193,"layer_omega/L12":0.03447334095835686,"layer_omega/L26":0.0387340672314167,"layer_omega/L23":0.07522954791784286,"train_steps_per_second":0.078,"train/global_step":2193,"layer_omega/L27":0.03666156902909279,"layer_omega/L25":0.04178455099463463,"_runtime":28350.126653832,"train/learning_rate":1.7452332934153603e-09,"layer_omega/L14":0.03763522207736969,"layer_omega/L19":0.07364055514335632,"layer_omega/L20":0.07475285977125168,"train/lr":1.7452332934153603e-09,"_wandb":{"runtime":28350}}