{"layer_omega/L25":0.04570181295275688,"layer_omega/L21":0.06792087107896805,"layer_omega/L12":0.037071529775857925,"_timestamp":1.7787544016141586e+09,"train/grad_norm":2.140625,"train/learning_rate":1.7452332934153603e-09,"layer_omega/L20":0.07137134671211243,"train/total_loss":2.7362,"layer_omega/L23":0.05796332657337189,"layer_omega/L27":0.03850822523236275,"train_samples_per_second":5.095,"layer_omega/L14":0.04737965762615204,"_step":2193,"layer_omega/L17":0.06255614012479782,"train/lr":1.7452332934153603e-09,"layer_omega/L15":0.06952765583992004,"train_loss":3.6578069826918433,"train/global_step":2193,"layer_omega/L13":0.04775680974125862,"train/layer_weights":[0.035195473581552505,0.03794310614466667,0.037071529775857925,0.04775680974125862,0.04737965762615204,0.06952765583992004,0.07220158725976944,0.06255614012479782,0.07815148681402206,0.07670838385820389,0.07137134671211243,0.06792087107896805,0.06415991485118866,0.05796332657337189,0.04797634482383728,0.04570181295275688,0.04190632328391075,0.03850822523236275],"layer_omega/L22":0.06415991485118866,"layer_omega/L10":0.035195473581552505,"layer_omega/L26":0.04190632328391075,"layer_omega/L19":0.07670838385820389,"layer_omega/L18":0.07815148681402206,"_runtime":27643.959650278,"train_steps_per_second":0.08,"layer_omega/L24":0.04797634482383728,"total_flos":2.3213149958193545e+19,"train/epoch":3,"train/loss":2.7362,"_wandb":{"runtime":27643},"train_runtime":27540.1857,"layer_omega/L11":0.03794310614466667,"train/grounding_loss":8.073790967464447,"layer_omega/L16":0.07220158725976944}