{"_step":2193,"_wandb":{"runtime":28385},"train/layer_weights":[0.03293495997786522,0.03422614187002182,0.03391285613179207,0.0376700796186924,0.03855910152196884,0.045126352459192276,0.05809970572590828,0.06337816268205643,0.07911566644906998,0.07848130166530609,0.07923281937837601,0.07864844053983688,0.08028927445411682,0.07844913005828857,0.06481925398111343,0.04286767542362213,0.039505086839199066,0.03468400985002518],"layer_omega/L24":0.06481925398111343,"layer_omega/L18":0.07911566644906998,"train/loss":2.5998,"layer_omega/L23":0.07844913005828857,"total_flos":2.3213149958193545e+19,"layer_omega/L13":0.0376700796186924,"train_steps_per_second":0.078,"layer_omega/L16":0.05809970572590828,"layer_omega/L11":0.03422614187002182,"train/grad_norm":2.25,"train/grounding_loss":7.396431267261505,"train_loss":3.0352121208337035,"layer_omega/L15":0.045126352459192276,"train/total_loss":2.5998,"layer_omega/L14":0.03855910152196884,"train/learning_rate":1.7452332934153603e-09,"layer_omega/L19":0.07848130166530609,"_runtime":28385.395221426,"train_samples_per_second":4.968,"layer_omega/L12":0.03391285613179207,"layer_omega/L17":0.06337816268205643,"layer_omega/L27":0.03468400985002518,"layer_omega/L10":0.03293495997786522,"layer_omega/L22":0.08028927445411682,"train/global_step":2193,"layer_omega/L26":0.039505086839199066,"train_runtime":28247.4767,"_timestamp":1.7783536408170888e+09,"train/lr":1.7452332934153603e-09,"train/epoch":3,"layer_omega/L25":0.04286767542362213,"layer_omega/L20":0.07923281937837601,"layer_omega/L21":0.07864844053983688}