{"_runtime":26469.534226189,"train/loss":2.5318,"layer_omega/L22":0.14807598292827606,"_timestamp":1.778294738218302e+09,"layer_omega/L14":0.08251672238111496,"train/global_step":2193,"train_runtime":26368.896,"train/epoch":3,"train/layer_weights":[0.08251672238111496,0.17161037027835846,0.16787821054458618,0.14807598292827606,0.12280741333961487,0.08171025663614273,0.07868834584951401,0.07321132719516754,0.07350138574838638],"train/total_loss":2.5318,"layer_omega/L27":0.07350138574838638,"layer_omega/L23":0.12280741333961487,"layer_omega/L24":0.08171025663614273,"layer_omega/L25":0.07868834584951401,"train_steps_per_second":0.083,"train_samples_per_second":5.322,"train/grounding_loss":7.07058684527874,"total_flos":2.320620245775024e+19,"train/grad_norm":2.140625,"layer_omega/L18":0.17161037027835846,"_step":2193,"train_loss":3.28515166492697,"layer_omega/L26":0.07321132719516754,"train/learning_rate":1.7452332934153603e-09,"train/lr":1.7452332934153603e-09,"_wandb":{"runtime":26469},"layer_omega/L21":0.16787821054458618}