{"layer_omega/L18":0.16162429749965668,"train/grounding_loss":7.278804689645767,"train_samples_per_second":5.208,"_wandb":{"runtime":27047},"layer_omega/L22":0.1545889526605606,"train_runtime":26944.7741,"layer_omega/L21":0.15870709717273712,"train_steps_per_second":0.081,"layer_omega/L24":0.08303184062242508,"train/total_loss":2.4456,"train/learning_rate":1.7452332934153603e-09,"train/epoch":3,"total_flos":2.320620245775024e+19,"train/global_step":2193,"train/lr":1.7452332934153603e-09,"_timestamp":1.778324573380421e+09,"layer_omega/L14":0.07878554612398148,"_step":2193,"train/layer_weights":[0.07878554612398148,0.16162429749965668,0.15870709717273712,0.1545889526605606,0.12778092920780182,0.08303184062242508,0.07945264130830765,0.07695159316062927,0.07907711714506149],"layer_omega/L27":0.07907711714506149,"train/loss":2.4456,"train_loss":3.0317719883968772,"layer_omega/L25":0.07945264130830765,"layer_omega/L23":0.12778092920780182,"layer_omega/L26":0.07695159316062927,"train/grad_norm":3.015625,"_runtime":27047.05425218}