{"layer_omega/L11":0.03185505047440529,"train/lr":1.7452332934153603e-09,"layer_omega/L21":0.07766653597354889,"layer_omega/L15":0.06661784648895264,"train/total_loss":2.4687,"_step":2193,"layer_omega/L17":0.07528501749038696,"layer_omega/L20":0.07768958806991577,"layer_omega/L19":0.07712099701166153,"total_flos":2.3213149958193545e+19,"train/learning_rate":1.7452332934153603e-09,"layer_omega/L16":0.07216600328683853,"train_samples_per_second":4.978,"_runtime":28300.857261582,"_wandb":{"runtime":28300},"train/global_step":2193,"layer_omega/L10":0.03045627288520336,"train_steps_per_second":0.078,"train/grad_norm":1.8125,"train_runtime":28190.9743,"train_loss":2.9458676402121986,"train/loss":2.4687,"layer_omega/L27":0.034080926328897476,"layer_omega/L12":0.032363396137952805,"train/grounding_loss":6.760705888271332,"layer_omega/L18":0.07919041067361832,"layer_omega/L13":0.03562578186392784,"layer_omega/L14":0.03771338239312172,"layer_omega/L26":0.037296589463949203,"_timestamp":1.7786992423029065e+09,"layer_omega/L25":0.03997398167848587,"layer_omega/L22":0.07907063513994217,"train/epoch":3,"train/layer_weights":[0.03045627288520336,0.03185505047440529,0.032363396137952805,0.03562578186392784,0.03771338239312172,0.06661784648895264,0.07216600328683853,0.07528501749038696,0.07919041067361832,0.07712099701166153,0.07768958806991577,0.07766653597354889,0.07907063513994217,0.06952745467424393,0.04630012437701225,0.03997398167848587,0.037296589463949203,0.034080926328897476],"layer_omega/L23":0.06952745467424393,"layer_omega/L24":0.04630012437701225}