{"layer_omega/L26":0.03174670785665512,"train/layer_weights":[0.0366680733859539,0.04275461658835411,0.04007260873913765,0.04508192837238312,0.06316321343183517,0.07414383441209793,0.08082720637321472,0.08330415934324265,0.08272182941436768,0.07551563531160355,0.07060994952917099,0.06373564153909683,0.06122554466128349,0.04613037034869194,0.03903263062238693,0.03737287595868111,0.03174670785665512,0.025893161073327065],"layer_omega/L23":0.04613037034869194,"_runtime":27447.964250389,"train_loss":3.77763667261008,"layer_omega/L14":0.06316321343183517,"layer_omega/L22":0.06122554466128349,"total_flos":2.3213149958193545e+19,"_timestamp":1.7786693107239044e+09,"layer_omega/L13":0.04508192837238312,"train/total_loss":2.649,"layer_omega/L15":0.07414383441209793,"train/grounding_loss":7.688985377550125,"layer_omega/L10":0.0366680733859539,"layer_omega/L20":0.07060994952917099,"layer_omega/L18":0.08272182941436768,"layer_omega/L12":0.04007260873913765,"layer_omega/L11":0.04275461658835411,"_step":2193,"layer_omega/L25":0.03737287595868111,"layer_omega/L21":0.06373564153909683,"train/global_step":2193,"_wandb":{"runtime":27447},"train/epoch":3,"layer_omega/L27":0.025893161073327065,"train_samples_per_second":5.131,"layer_omega/L16":0.08082720637321472,"train/lr":1.7452332934153603e-09,"train/loss":2.649,"train/learning_rate":1.7452332934153603e-09,"layer_omega/L19":0.07551563531160355,"train_runtime":27350.2961,"train/grad_norm":2.109375,"layer_omega/L17":0.08330415934324265,"layer_omega/L24":0.03903263062238693,"train_steps_per_second":0.08}