{"train_runtime":27390.6188,"layer_omega/L18":0.07814056426286697,"train/grad_norm":2.296875,"layer_omega/L12":0.034004684537649155,"layer_omega/L20":0.0782216414809227,"train/epoch":3,"layer_omega/L16":0.07410585135221481,"_wandb":{"runtime":27487},"layer_omega/L14":0.039554134011268616,"train/total_loss":2.4547,"layer_omega/L26":0.03754696995019913,"train_loss":2.9372514582528297,"layer_omega/L10":0.032062698155641556,"_runtime":27487.761340451,"_timestamp":1.7786694372265139e+09,"layer_omega/L17":0.07462216168642044,"layer_omega/L25":0.03954986855387688,"total_flos":2.3213149958193545e+19,"layer_omega/L21":0.07744479924440384,"_step":2193,"layer_omega/L19":0.07637479156255722,"train/layer_weights":[0.032062698155641556,0.034452490508556366,0.034004684537649155,0.03775649890303612,0.039554134011268616,0.06495300680398941,0.07410585135221481,0.07462216168642044,0.07814056426286697,0.07637479156255722,0.0782216414809227,0.07744479924440384,0.075584776699543,0.06889528781175613,0.04506115987896919,0.03954986855387688,0.03754696995019913,0.031668614596128464],"train_steps_per_second":0.08,"layer_omega/L15":0.06495300680398941,"train/loss":2.4547,"layer_omega/L13":0.03775649890303612,"train_samples_per_second":5.123,"layer_omega/L24":0.04506115987896919,"layer_omega/L23":0.06889528781175613,"train/learning_rate":1.7452332934153603e-09,"train/lr":1.7452332934153603e-09,"layer_omega/L11":0.034452490508556366,"layer_omega/L22":0.075584776699543,"train/grounding_loss":6.786207213997841,"train/global_step":2193,"layer_omega/L27":0.031668614596128464}